Fed official says weak data caused by weather, should not slow taper	b
Fed's Charles Plosser sees high bar for change in pace of tapering	b
US open: Stocks fall after Fed official hints at accelerated tapering	b
Fed risks falling 'behind the curve', Charles Plosser says	b
Fed's Plosser: Nasty Weather Has Curbed Job Growth	b
Plosser: Fed May Have to Accelerate Tapering Pace	b
Fed's Plosser: Taper pace may be too slow	b
Fed's Plosser expects US unemployment to fall to 6.2% by the end of 2014	b
US jobs growth last month hit by weather:Fed President Charles Plosser	b
ECB unlikely to end sterilisation of SMP purchases - traders	b
ECB unlikely to end sterilization of SMP purchases: traders	b
EU's half-baked bank union could work	b
ECB FOCUS-Stronger euro drowns out ECB's message to keep rates low for  ...	b
EU aims for deal on tackling failing banks	b
Forex - Pound drops to one-month lows against euro	b
Noyer Says Strong Euro Creates Unwarranted Economic Pressure	b
EU Week Ahead March 10-14: Bank Resolution, Transparency, Ukraine	b
ECB member Noyer is 'very open to all kinds of tools'	b
Euro Anxieties Wane as Bunds Top Treasuries, Spain Debt Rallies	b
Bad loan triggers key feature in ECB bank test announcement: sources	b
China's trade deficit and structural worries in Europe, among the main issues	b
10 Things You Need To Know This Morning	b
ECB's Noyer not Happy With Euro Strength -- Update	b
Eurozone banks' sovereign exposure hits new high	b
ECB to reveal bad loan hurdles for euro zone bank test	b
Forex Market: EUR/USD retreats from 2-1/2-year highs as stronger euro seen  ...	b
REFILE-Bad loan triggers key feature in ECB bank test announcement- sources	b
UPDATE 1-ECB to reveal bad loan hurdles for euro zone bank test -sources	b
ECB to reveal bad loan hurdles for euro zone bank test - sources	b
ECB to reveal bad loan hurdles for bank tests?	b
10 Things You Need To Know Before The Opening Bell	b
Central banks must contain threats from low prices: ECB's Noyer	b
UPDATE 1-Central banks must contain threat from low prices -Noyer	b
ECB's Noyer says 'not happy' with euro's rise	b
ECB's Noyer: Low inflation may hamper adjustment	b
ECB's Christian Noyer says 'not happy' with euro's rise	b
Sterling at one-month low as ECB policy stance lifts euro	b
EU aims for deal on tackling failing banks next week	b
Failing banks focus of EU talks	b
Business growth in euro zone rises to 32-month high	b
Poking the eurozone bear	b
ECB Unlocks Door for Further Euro Strength - Will Data Allow?	b
Omega's Cooperman says eBay should spin off portion of PayPal: CNBC	b
EBay, Icahn talk smack	b
Both ways	b
Why eBay Spinning Off Paypal Makes Sense	b
Carl Icahn Rift Hurts eBay (EBAY)	b
EBay rejects Icahn slate of directors	b
CARL ICAHN: eBay Shareholders Lost $4 Billion Because Of The CEO's  ...	b
Ebay to Shareholders: Vote Against Icahn Nominees	b
EBay rejects Icahn board nominees, asks investors to do same	b
TECH STOCKS: EBay And Icahn Keep Trading Punches	b
EBay asks shareholders to vote against Carl Icahn board nominees	b
EBay asks shareholders to vote against Icahn board nominees	b
EBay and Icahn keep trading punches	b
EBay Rejects Icahn Board Picks As Activist Strikes Again	b
EBay Asks Shareholders To Vote Against PayPal Split While Icahn Claims CEO  ...	b
EBay rejects Carl Icahn's director nominees, urges reelection of its 4 directors	b
EBay CEO Donahoe's Pay Drops by 53% to $13.8 Million for 2013	b
EBay rejects Carl Icahn board nominees, asks investors to do same	b
eBay's John Donahoe talks Icahn, conflicts, and $100 stock price (someday)	b
EBay urgest shareholders to reject Icahn's board nominees	b
Carl Icahn slams eBay CEO	b
Icahn Claims Inexcusable Incompetence of eBay CEO Cost Stockholders $4 Billion	b
EBay rejects Carl Icahn's director nominees, urges reelection of its 4 directors  ...	b
UPDATE 1-EBay rejects Icahn board nominees, asks investors to do same	b
EBay rejects Icahn board nominees, urges investors to do same	b
Carl Icahn: Donahoe Cost eBay Investors More Than $4B	b
EBay urges shareholders to vote against Icahn board nominees	b
eBay asks stockholders to oppose Icahn nominees	b
EBay says Carl Icahn's board picks 'not qualified'	b
McDonald's struggles worsened by snow	b
Food: McDonald's game plan to win back customers	b
McDonald's Reports Drop In February Global Sales	b
McDonald's game plan to win back customers	b
3 things to watch for as McDonald's fights to boost US sales	b
McDonald's sales dip amid shifting eating habits	b
McDonald's sales dip amid shifting eating habits, worsened by snow	b
McDonald's February US sales chilled by weather	b
McDonald's US sales fall 1.4 per cent in February as chain looks to adapt to  ...	b
McDonald's Corporation (MCD) February Sales Results Decline	b
McDonald's sales decline as chain looks to adapt to changing tastes | The  ...	b
McDonald's to try build-your-own-burger menu	b
McDonald's US sales continue to struggle in February	b
$5 20-piece chicken nuggets didn't help McDonald's reverse US sales decline	b
Burn: McDonald's Business Did Not Heat Up in February	b
McDonald's February same-restaurant sales fall 0.3%	b
McDonald's posts weak February sales results	b
UPDATE 2-McDonald's US sales continue to struggle in February	b
McDonald's Sales Slip as Americans' Eating Habits Shift	b
Five Guys, Chipotle continue to take bites out of McDonald's sales	b
McDonald's reports lower US sales amid bitter cold winter	b
McDonald's Not Lovin' US Sales	b
McDonald's Reports a 0.3 Percent Drop in February Sales, U.S. Down 1.4 percent	b
McDonald's February Sales Slip on US Weakness	b
McDonald's February same-restaurant sales fall 0.3 percent	b
McDonald's Sales Tank In February	b
McDonald's sales slump for fourth-straight month	b
McDonald's Blames Weak Sales On Weather	b
McDonald's February Sales Threaten First-Quarter Margins	b
McDonald's US sales fall 1.4 per cent in February, hampered again by bad  ...	b
McDonald's Reports February Global Comparable Sales	b
Stock market live blog: S&P 500 retreats from record after downbeat China data	b
Wall Street edges lower after record; Boeing drags	b
Five years after stock meltdown, most Cleveland-area companies have  ...	b
Weak China exports weigh on stocks, hit commodities	b
Earnings Season And the Dow: An Early Look	b
US stocks dip on weak Asian data, Ukraine	b
Major Averages Climb Off Lows But Remain In The Red	b
Disappointing Chinese Trade Data Weighing On Wall Street - US Commentary	b
Stocks fall on weak China export data	b
Global Growth Worries May Pressure Stocks	b
Stocks slip as investors keep eye on Asia	b
Midday Market Stats: The Boeing Company Pressures the Dow Jones Industrial  ...	b
Wall Street edges lower after S&P's record close	b
Wall St down on Asian data	b
Stock Market News for March 10, 2014 - Market News	b
U.S. stocks open lower in subdued trade; Dow Jones down 0.28%	b
Stocks Seeing Modest Weakness In Early Trading - U.S. Commentary	b
Today's Stock market DJIA Dow Jones Industrial Average, Nasdaq, S&P 500;	b
US: Stocks open lower on weak Asian data, Ukraine	b
Stocks slip slightly	b
Wall street edges lower after record	b
US STOCKS-Wall Street edges lower after record; Boeing drags	b
Bull market celebrates its 5th birthday: But is the party over?	b
MARKET SNAPSHOT: US Stocks Held Back By China, Last Week's Moves	b
Asia Worries Send Stocks Sliding	b
US stocks open lower on weak Asian data	b
Stocks fall slightly at the open	b
Dow Jones Industrial Average: 5 Year Stock Market Crash Anniversary [Direxion  ...	b
Dow Averaging 3% Since 2000	b
Wall St opens lower after S&P's record close	b
US STOCKS SNAPSHOT-Wall St opens lower after S&P's record close	b
Buyer Beware: A Bull Market Doesn't Lift All Stocks	b
US stocks held back by China, last week's moves	b
Dow Jones Transportation Average Pushing Higher	b
Futures Pointing To A Lower Open On Wall Street	b
Dow Jones Industrial Average Gained Last Week	b
Stocks May Come Under Pressure On Disappointing Chinese Data - U.S.  ...	b
Wall Street opens lower after S&P's record close	b
U.S. futures mixed to lower, Chinese data weighs; Dow Jones down 0.09%	b
MARKET ANALYSIS: Global Growth Worries May Pressure Stocks	b
Stocks futures edge lower on weak Chinese export data	b
Stock Market News for March 10, 2014	b
Market Hustle: Stock Futures Slide Amid Weak China Trade Data	b
Today's Stock Market News and Earnings Calendar	b
US STOCKS-Wall St to dip at open after record, China data	b
US futures lower after record high	b
Stock Futures Dip After Asia Selloff	b
Dow Jones Industrial Average Points Lower; Data from China, Japan Disappoint	b
Stock Futures Slip on Weak China Data	b
US STOCKS-Futures edge lower after record high, China data	b
Uncertain Mood Prevails On Wall Street	b
Futures Suggest A Slow Start Following A Mixed Week; Quarterly Earnings From  ...	b
Stock futures ease as Chinese trade, payrolls compete	b
Don't Chase Stocks in This Five-Year-Old Bull	b
Opening Bell 10 March | Asian markets slump	b
3 Predictions for the New Week	b
The Dow's 5 Most Hated Stocks	b
This Week's Top Dow Stocks	b
Bull Still Charging After Five Years	b
A Secular Bull Market Arises From the 2009 Shadows	b
US Stocks Fall as Commodity Shares Lead Drop on China	b
Despite obstacles, the bull market turns 5	b
Happy 5th birthday, bull market	b
Morning MoneyBeat: Will Bull Market Make It to Six?	b
What the bull market has meant for Europe	b
Despite crises, 5-year bull market may keep running	b
Despite many obstacles, bull market run turns 5	b
Despite several obstacles, the bull market makes it to year 5	b
Bull market charges into sixth year	b
The Bull Market Turns 5: Don't Break Out the Bubbly	b
Bull market marks 5th birthday	b
The 10 Best Stocks of the Bull Market	b
The 10 Worst Stocks of the Bull Market	b
The Bull at 5: Where Do Stocks Go From Here?	b
Huge 5-year fund returns? Don't be misled	b
Bull market still has some sizzle	b
Why the Five-Year Anniversary of the Stock Market Crash This Week Has  ...	b
Stocks Mark Five-year Anniversary Of 2009 Low With Record Highs	b
What this stock bull market needs to live a 6th year	b
Bitcoin Exchange Mt. Gox Seeks US Bankruptcy Relief	b
Mt. Gox files for US bankruptcy to halt class action	b
Bitcoin exchange Mt. Gox files for US bankruptcy protection	b
Mt. Gox Files For US Chapter 15 Bankruptcy	b
Getting Goxed: Mt. Gox's US bankruptcy and hacker attack	b
Report: Mt. Gox CEO Holding 'Stolen' Bitcoins	b
The Mt. Gox Saga Just Got Way More Twisted	b
Hackers take over Mt. Gox CEO's blog, post claimed evidence of fraud	b
UPDATE 1-Mt. Gox files for US bankruptcy to halt class action	b
Mt. Gox Chief Stole 100000 Bitcoins, Hackers Claim	b
Mt. Gox files for US bankruptcy to halt class action 0	b
Mt. Gox files for US bankruptcy	b
Mt. Gox Files for Chapter 15 Bankruptcy Protection in US	b
Anonymous hackers claim MtGox still has 'stolen' Bitcoins	b
Mt. Gox files for Chapter 15 bankruptcy in the US	b
Mt. Gox Bitcoin exchange files for bankruptcy in the U.S., hackers reveal more  ...	b
Hackers allege Mt. Gox head controls 'stolen' Bitcoin; fraud committed	b
Mt. Gox files for US bankruptcy protection	b
Mt. Gox Seeks US Court Protection During Japan Bankruptcy	b
Bitcoin exchange Mt. Gox files for bankruptcy in the US	b
Hackers claim bankrupt Mt. Gox still has customers' Bitcoins	b
Hackers accuse Mt. Gox of pocketing users' Bitcoins	b
Mt. Gox Seeks US Court Protection During Japan Bankruptcy (2)	b
RPT-Mt. Gox files for US bankruptcy protection	b
Mt. Gox Seeks U.S. Court Shield During Japan Bankruptcy	b
Bitcoin exchange seeks U.S. bankruptcy protection	b
Hackers Leak Mt. Gox Database, Reveal Blog of Former CEO	b
Hackers Accuse Mt. Gox Bitcoin Of Fraud After Hack	b
Bitcoin Mt. Gox Crash: Hackers Claim Mark Karpeles Lied About Bitcoin Balance	b
MtGox "fraud evidence" hacked and published, complete with Bitcoin wallet  ...	b
MT. Gox Botcoin Exchange Files For Bankruptcy In The US	b
Hackers Claim Mt. Gox Sat on 'Stolen' Bitcoin	b
'Hacked docs' prove MtGox has 1 MILLION Bitcoins, claim blog-snatchers	b
Mt. Gox files for bankruptcy in US	b
MtGox boss Mark Karpeles targeted by hackers	b
MtGox 'fraud' detailed on CEO's hacked blog	b
So Where Are Mt Gox's Stolen Bitcoin Millions?	b
Hackers Claim to Have Evidence of Fraud Surrounding Mt. Gox Closure	b
Mt. Gox, Mark Karpeles Targeted In Alleged Bitcoin Hack	b
Bitcoin exchange Mt. Gox files for US bankruptcy	b
The Daily Docket: Mt. Gox Files for Chapter 15	b
Hackers dox Mt. Gox CEO, say they have proof of fraud	b
Mt. Gox CEO's blog hacked, allegedly reveals company's true Bitcoin balances	b
Mt. Gox CEO's personal blog hacked	b
Mt Gox Customers Hack Karpales' Account to Post Evidence of Alleged Fraud	b
Bitcoin credibility in the balance as woes spread	b
Australian Bitcoin traders burnt in Mt.Gox crash	b
Hackers call Mt. Gox CEO a liar, say he still controls 'stolen' bitcoin	b
Mt. Gox faced 150000 attacks per second: Report	b
Mt. Gox files for Chapter 15 in U.S.	b
Bitcoin Exchange Mt. Gox Hit by 150000 DDoS Attacks Per Second Before  ...	b
Hackers allegedly hit Mt. Gox CEO's blog, post balance of remaining bitcoins	b
Hackers hit web accounts of MtGox boss	b
Hackers revealed Mt. Gox face behind the mask	b
Mt. Gox CEO's blog goes blank after alleged hack	b
Bankrupt Exchange Mt. Gox Still Has $600 Million in Bitcoins, Hackers Claim	b
Hackers allege Mt. Gox CEO still controls 'stolen' Bitcoin	b
Hackers Claim Mt. Gox Still Sitting On Bitcoins	b
Cryptocurrency News Round-Up: Mt. Gox Lies, Bitcoin Gun Store and Dogecoin  ...	b
Hackers claim MtGox still has access to 'missing' Bitcoin	b
Mt. Gox faced 150000 DDoS attacks per second ahead of crash: Report	b
Mt. Gox CEO's blog hacked, database leak claims there should be a 951k Bitcoin  ...	b
Hackers Break Into Mt. Gox CEO's Blog, Reveal Customers' Bitcoin Balances	b
Bitcoin exchange MtGox faced 150000 attacks per second	b
Bitcoin exchange faced mountain of hacker attacks	b
Mt. Gox CEO's Blog Hacked	b
Op-Ed: Online exchanges in Lehman terms, eBay to the rescue?	b
Investors warned about betting on digital currencies	b
Until bitcoin has oversight, it's a volatile uncertainty	b
Investors warned about investing in digital currencies	b
Q & A on bitcoins	b
Mt. Gox hackers post Bitcoin balances on CEO's own blog	b
Mt Gox fielded MASSIVE DDOS attack before collapse	b
Mt.Gox Hack Allegedly Reveals Bitcoin Balances, Customer Account Totals	b
Report: Mt. Gox was hit 150K times per second during DDoS attack before theft	b
Mt Gox collapse shatters Bitcoin myth of virtual money	b
Hackers attacked bankrupt Bitcoin exchange	b
Hackers Claim to Publish Evidence of Fraud at BitCoin Exchange Mt.Gox	b
Massive hacking attacks revealed	b
Mt. Gox CEO's blog hacked; alleged Bitcoin balances posted	b
Mt Gox faced 150000 attacks per second	b
Anonymous hackers uncover alleged proof of MtGox fraud from site's CEO	b
Bitcoin enthusiasm weathers chaotic week	b
Bitcoin exchange MtGox 'faced 150000 hack attacks every second'	b
MtGox faced 150‚000 attacks a second	b
Hackers Hit Mt. Gox Exchange's CEO, Claim To Publish Evidence Of Fraud	b
Bitcoin's enthusiasts weather chaotic week	b
The state can only destroy Bitcoin	b
Currency taking off bit by bit in the Northeast	b
Mt. Gox hit by massive DDoS attacks	b
Inside Mt Gox	b
Bitcoin exchange faced hacker onslaught	b
MtGox faced 150k DDoS attacks per second says report	b
Bitcoin exchange MtGox faced 150000 attacks per second - report	b
MtGox faced 150000 attacks per second, says report	b
Bitcoin refuses to flip	b
Is Bitcoin Legal? Illegal? a Currency? a Commodity?	b
Color of Money: Bitcoin trendy but too risky for most investors	b
UK's first bitcoin machine opens in east London cafe	b
Japan struggles to understand bitcoin after Mt.Gox collapse	b
Bitcoin And Government 'For The People'	b
UK's first bitcoin machine opens in London tech hub	b
Bitcoin Cash Machine Appears in London's Tech City	b
Posted by Parvez Jabri	b
Forget Mt. Gox: Bitcoins Will Still Be Your Future Currency	b
UK's first bitcoin machine opens in London cafe	b
Japan Says Bitcoin Not Currency Amid Calls for Regulation	b
Banking on Bitcoins	b
Japan says Bitcoin not a currency, but taxable	b
Bitcoins being used in Southwest Florida businesses	b
A Week After Mt. Gox Collapse, Japan Struggles to Understand Bitcoin	b
Bitcoin Charges Against Florida Man May Proceed, Judge Rules (1)	b
Imagining the Future of Bitcoin	b
Land of the Rising Bitcoin Japan just realized that it's now the center of the  ...	b
Bitcoin Backers Enjoy Rise in Stake amid Attack from Hackers	b
Digital currency's here to stay, whether it's Bitcoin or something else: Olive	b
Japan says Bitcoin's not currency, but taxable	b
Major banks are looking at bitcoin	b
The Japanese government has come down hard on the digital currency bitcoin.	b
A week after Mt Gox collapse, Japan struggles to understand ..	b
UK's first Bitcoin cash machine launches in Shoreditch	b
Japan: Bitcoin is not money but may be taxed	b
MTA Worker Killed by Hudson Line Train	b
Death of Metro-North worker on tracks renews safety concerns	b
Metro-North worker killed by train	b
Metro-North Worker From Yonkers Killed After Being Struck By Train	b
Metro-North worker, 58, killed by Hudson line train headed for Poughkeepsie	b
NTSB: Death of Metro-North Worker Under Investigation	b
Metro-North employee killed by train in Harlem identified	b
Metro-North worker struck and killed by train	b
Metro-North Worked Killed in Harlem	b
Metro-North Worker Killed, Struck By Harlem Line Train	b
Poughkeepsie-bound Metro-North train strikes, kills railroad employee on tracks  ...	b
Metro-North Railroad Worker Killed by Train in Manhattan	b
Metro-North worker struck and killed by train bound for Poughkeepsie	b
Metro-North Worker Struck, Killed By Train	b
MTA: Metro-North employee struck and killed in East Harlem	b
Metro-North Worker Killed Working On Tracks In NYC	b
Metro-North worker struck and killed by train in NYC; passengers resume trip 1½  ...	b
New York Metro-North worker struck and killed by train	b
Track Worker Killed by Metro-North Train, MTA Says	b
Metro-North employee struck and killed by train while working on tracks	b
Metro-North employee killed by train in Manhattan	b
Metro-North Worker Struck, Killed by Train in East Harlem: MTA	b
Questioning Bill Ackman's Herbalife profit motive	b
Pershing Square Up 11% Through Feb.	b
Democrat donor William Ackman conspires to destroy Herbalife to win billion  ...	b
Press Release: Pershing Square Issues Statement	b
Ackman Bets $1 Billion on Herbalife	b
Why Herbalife (HLF) Is Up Today	b
Herbalife (HLF) Say No Merits to Ackman's Accusations	b
Herbalife Comments on New York Times Report Exposing Pershing Square's  ...	b
REVEALED: How Bill Ackman Has Been Lobbying To Bring Down A Company  ...	b
Ackman and Herbalife	b
Ackman's anti-Herbalife lobbying detailed	b
Herbalife Ltd. (HLF) news: Herbalife: 4 'Need To Know' Facts For This Coming  ...	b
Pershing Square to Present Information Highlighting Herbalife's Illegal Business  ...	b
Ackman outspent by Herbalife in lobbying battle	b
Hedge fund engages Herbalife in multibillion-dollar feud	b
Herbalife Ltd. (HLF) Spent More On Lobbying Than Bill Ackman	b
Weil on Finance: Bill Ackman Keeps Hope Alive	b
Without a Trace	b
Herbalife's lobbying tab nears $2 million	b
Gap Falling out of Fashion as Abercrombie Picks up the Pace	b
Ackman Dwarfed By Herbalife Spending In Lobbying Battle	b
American Airlines, JetBlue End Partnership Agreement	b
American Airlines, JetBlue ending agreement	b
Breaking the Connection: American Airlines, JetBlue Sever Agreement	b
American and JetBlue End Interline Agreement	b
American Airlines, JetBlue ending interline sales agreement and reciprocal  ...	b
American Airlines says storms caused Feb. flight cancelations to more than  ...	b
American Airlines, JetBlue ending agreement that allowed connections on each  ...	b
JetBlue adds nonstop service to Washington, DC	b
American and JetBlue End Interline and Frequent Traveler Programs	b
Delta expects first quarter profit despite hit from winter storms	b
American Airlines, JetBlue End Agreement on Itinerary Changes	b
American Airlines Cuts Ties With JetBlue	b
Major U.S. Airlines Tote Up Effects of Winter Storms	b
American Dropped 14000 February Flights Due to Storms	b
American dropped 14000 Feb. flights due to storms	b
American Airlines & JetBlue: Le Divorce	b
American Airlines & JetBlue End Agreement	b
Bad Weather Prompts American To Cancel 14000 Flights In February	b
JetBlue Airways Corp. Receives Average Rating of “Hold” from Analysts  ...	b
AA and JetBlue end ticketing agreement	b
UPDATE 2-American Airlines to end ticketing agreement with JetBlue	b
American Airlines, JetBlue Ending Itinerary Extension Agreement	b
American Airlines to end ticketing agreement with JetBlue	b
American Airlines, JetBlue end interline agreement	b
JetBlue airplanes at their gates at John F. Kennedy Airport in New York, Nov. 27  ...	b
American Airlines, JetBlue end reciprocal frequent-flier deal	b
JetBlue and American Airlines go their different ways	b
American Airlines And JetBlue Airways Discontinue Partnership	b
American Airlines (AAL) Load Factor Fell 0.3 Points in Feb.; Affirms Q1 PRASM  ...	b
American Airlines & JetBlue Airways To Terminate Partnership - Quick Facts	b
Americans board public transit in booming numbers	b
Transit ridership reaches highest level since 1956	b
Transit ridership dropping in Portland, despite rise in U.S.	b
Public Transit Ridership Up Nationally	b
Nationally, mass transit use up, but TriMet's down	b
Public transit systems in Ky. see ridership losses	b
Public transportation reaches highest levels since 1956	b
Public transit ridership mostly down in Tenn.	b
As Americans ride public transit in record numbers, ridership down in Portland  ...	b
Is spitting in TriMet driver's face 'assault'? Union wants hostile riders taken more  ...	b
Transit ridership is back on track	b
Mass transit use up nationally, but TriMet ridership down	b
American Use Of Public Transit Has Hit Its Highest Point In 50 Years	b
Colorado transit rides to record rider growth in 2013	b
Public transit boom	b
Americans using public transport now more than ever	b
Metro President Lobbies for Increased Federal Funding for Public Transit	b
Data: Americans Riding Public Transit in Record Numbers	b
Record Number Of Public Transportation Trips Taken In 2013	b
Public Transportation Use Highest Since 1950s	b
Americans hopping aboard public transit in highest level since 1956	b
APTA touts 2013 public transit ridership	b
Get on the bus, Gus: US posts record public transit use	b
Record Numbers on Public Transit	b
Public Transit Use Reaches Record High	b
As Transit Debate Continues, New Report Suggests High Demand	b
US: American Airlines got $425M for landing rights	b
Americans riding public buses, trains, subways in record numbers	b
US posts record mass-transit use	b
Pollen and birds chirping? Check and check. Here are 5 ways to tell that spring's  ...	b
Public transportation at its highest level since 1956	b
Americans riding public transit in record numbers [INTERACTIVE]	b
Americans Using Public Transit In Record Numbers, Highest Ridership Since 1956	b
Americans Riding Public Transit At Highest Level Since 1956	b
Nearly 10.7 billion trips on public transit in 2013 marks America's highest total  ...	b
Americans riding public transport in record numbers	b
Americans are taking public transit in record numbers	b
Metro Sees Increase In Bus, Decrease In Rail Ridership Between 2012 And 2013	b
More People Rode Public Transit Last Year Than Any Time In The Last 60 Years	b
Report: Americans ride public transit in record numbers	b
Americans Riding Public Transportation In Record Numbers	b
Public transit in the U.S.: Why are so many Americans riding again?	b
10.7 Billion trips taken on transit in America last year, the most since 1956	b
US Public Transit Ridership At Its Highest Level Since 1956	b
Americans said to be riding public transit in record numbers	b
More Americans riding public transit	b
Americans hopping aboard public transit in record numbers; ridership recovers  ...	b
Public Transit Use At Highest Level Since 1956	b
Public Transit Use In U.S. Is At a 57-Year High, Report Finds	b
Americans using public transit in record numbers	b
Americans make most journeys on public transport for 50 years	b
LIST: Public Transit Systems with Big Ridership Gains	b
Stocks slip on discouraging news from Asia	b
Could the Flight MH370 Rescue Bring China and Japan Closer Together?	b
Crude drops on soft Chinese trade figures	b
US stock market trading lower as investors weigh discouraging news on  ...	b
UPDATE 7-Oil sinks on weak China data and as heating season ends	b
Stocks open lower on discouraging news from Asia	b
US oil plastered by weak Chinese export data, ends near $101	b
US stocks down on gloomy news from Asia	b
Stocks slide after discouraging news from Asia	b
Amid concerns over weak Chinese and Japanese economic data, markets stutter	b
WTI crude falls sharply as China trade data weighs	b
Stocks move lower on discouraging news from Asia	b
Oil Falls to Around $101 After China, Japan Data	b
Markets Kept in Check by Asian Developments	b
Asian shares slip after weak China, Japan data	b
Brent Slides Towards $108 On Chinese Exports	b
Why Oil Keeps Biting Bears	b
US stock market slips in midday trading after discouraging news on Chinese  ...	b
Oil sinks on weak Chinese data, end of heating season	b
US stocks move lower on gloomy news from Asia	b
China exports plunge, commodities worry	b
Stocks slip on disappointing Asia news	b
Stocks fall on discouraging news from Asia	b
Wall Street to digest weak China, Japan data	b
Crude oil futures slump after underwhelming Chinese export data	b
Stocks open lower on gloomy news from Asia	b
Sbarro again files for Ch. 11 reorganization	b
EBay rejects Icahn slate of directors	b
WTI, Brent Crude Fall as China Export Drop Signals Slower Growth	b
Oil Futures Fall as China Signals Demand Concerns -- Update	b
US stocks open lower on gloomy news from Asia	b
The Energy Report 3/10/14	b
Stock futures fall on discouraging news from Asia	b
Crude oil drops to $101 a barrel after China, Japan data show weak trade  ...	b
Stocks lower on discouraging news from Asia	b
Stocks open lower in early trading on Wall Street	b
Titanfall Review Roundup	t
Titanfall review: my buddy	t
Respawn: Titanfall's server stability is in Microsoft's azure hands	t
Titanfall's Resolution 'Likely' to be Increased With Patch	t
Xbox One Titanfall Bundle Release Date Tomorrow: Pre-Order Price at  ...	t
Titanfall's Xbox One Resolution "Likely to Increase" After Launch	t
'Titanfall' Live-Action Adaptation in Development; Trailer Release Date Revealed	t
Titanfall Fans In South Africa Ask EA To Let Them Play	t
Titanfall on Xbox One 'likely' to get resolution increase, Respawn says	t
'Titanfall' launches Tuesday, Microsoft hopes for boost in Xbox sales	t
Xbox One 'Titanfall' Bundle and UK Price Drop Hopes to Shoot Down PS4	t
Titanfall To Launch At 792p on Xbox One	t
Microsoft: Titanfall could be a "game changer" for Xbox One	t
Titanfall Midnight Release Locations: Gamestop, Best Buy And More Offering  ...	t
Titanfall runs at 792p resolution on Xbox One -- and it may get a postlaunch  ...	t
Titanfall Xbox One Launch: Microsoft Releases Critically Acclaimed First-Person  ...	t
Titanfall launching at 792p for Xbox One, resolution "likely to increase"	t
Titanfall Will Increase Resolution Post Launch	t
Titanfall ships at 792p on Xbox One, post-release resolution 'likely to increase'	t
Microsoft Xbox One Titanfall Another Non-1080p Title	t
Microsoft's Walt Whitman store girds for Titanfall landing	t
Toys R Us Is Offering 50% Off A Game With Purchase Of Titanfall	t
Titanfall Is Officially 792p On Xbox One, Not 900p	t
Titanfall review in progress	t
Titanfall takes aim at the cloud: 'We've really let the designers go crazy'	t
Titanfall: Xbox One resolution confirmed to be 792p, is 'likely' to be increased  ...	t
Gamers get their hands on long-awaited 'Titanfall'	t
Titanfall to Thunder Into Game Stores Monday Night	t
Titanfall Doesn't Display at 1080p	t
The launch of 'Titanfall' will push the Xbox One to its limits	t
Insider claims Titanfall has already helped sell 1 million Xbox One consoles	t
Titanfall Review (Xbox One / 360 / PC)	t
Watch us play Titanfall for Xbox One (poorly) right here! (update: and it's over!)	t
Can Microsoft's 'Titanfall' Raise Xbox One Sales?	t
Titanfall getting live-action content?	t
Xbox One Titanfall Bundle Price Drops to $474.99	t
Titanfall on Xbox One: "Frame-Rate Is Uneven, Struggles A Lot Even At 792p  ...	t
Review Round Up - Titanfall on Xbox One and PC	t
News Snatch Titanfall Special: Release Times, Resolutions And Rankings	t
Where's our Titanfall review?	t
Respawn Launches Site Teasing "Original" Titanfall Story Content	t
Titanfall is "Likely" to See a Resolution Bump Post-Release on Xbox One	t
Microsoft's Xbox Is on Its Last Life	t
Respawn: Patch to increase Xbox One Titanfall's 792p resolution “likely”	t
Respawn's TitanFall Set For Launch	t
Titanfall - Review Roundup, Price, Download & DLC, Xbox One, PC spec  ...	t
Respawn considering patching 1080p support into Xbox One Titanfall	t
Titanfall Xbox One resolution update isn't ready at release	t
Next-Gen Starts Tomorrow With Titanfall Launch	t
Titanfall On Xbox One Likely To Get Improved Resolution After Launch	t
'Titanfall' Release Date Nears: Twitter Predicts It Will Outsell 'Battlefield 4', Will  ...	t
Titanfall Launch Party - Toronto	t
Insider: Microsoft can't and won't sell Xbox One without Kinect in the near future	t
Titanfall On Xbox One Struggles with Framerate Despite 792p Resolution	t
Titanfall live-action adaptation coming	t
Titanfall Launches at 792p on Xbox One	t
High-Res Hopes: Titanfall Could Hit 1080p with a Patch	t
Games Inbox: Arkham Knight 360, Football Manager 2014 Vita, and Titanfall	t
Titanfall reviews bring positivity prior to upcoming launch	t
Titanfall review: Multiplayer first-person shooter will get you addicted	t
Titanfall: Gameplay basics, release date, DLC and everything else you need to  ...	t
Microsoft places big bet on Titanfall and Xbox One	t
Titanfall early review round-up	t
Titanfall Review Round-Up: SimCity And Battlefield 4 Taught Reviewers A Lesson	t
Titanfall Will Run In 792p On The Xbox One	t
Titanfall Xbox One Resolution: Titanfall on Xbox One Resolution is 792p, "likely  ...	t
'Titanfall' Release Date Is Tuesday: Physical Copies Require Day One Update	t
Early UK Titanfall players won't be banned... probably	t
How to Level Up Quickly in Titanfall	t
Titanfall - Capture the Flag Triple Threat	t
Titanfall Xbox One May Be Bumped Up To 1080p With A Patch	t
Respawn uses Microsoft's Azure cloud servers to make Titanfall smarter	t
Titanfall Resolution May Be Boosted With Post-Launch Patch	t
Titanfall requires day one patch update, early Xbox One players report	t
Are you ready for Titanfall?	t
Titanfall: The Joystiq Review	t
Titanfall: prepare for the revolution	t
Titanfall Review	t
Microsoft share price: Titanfall seen as a game changer for Xbox One	t
Titanfall review round-up: A heavyweight	t
Titanfall's 'Life is Better With a Titan' Trailer Gets an Extended Cut	t
XBA Review: Titanfall (Xbox One)	t
Dual-ing impressions: Discussing Titanfall on launch-day eve	t
Titanfall: Worthy of the good -- and bad -- hype (review)	t
Tips For Playing Titanfall	t
Titanfall is great, but it's probably not the console seller Microsoft is hoping it  ...	t
Titanfall review: Prime delivery	t
LivePlay: TitanFall revealed	t
Review: Titanfall towers above	t
Everything about Titanfall is gigantic, but it left us wanting more	t
Titanfall review – Call Of Duty with robots	t
Titanfall launch review	t
Titanfall review: Is new Xbox One multiplayer shooter worth buying a new  ...	t
Titanfall's Xbox One resolution could be improved with a post-launch patch, says  ...	t
Titanfall will launch at 792p on the Xbox One	t
'Make-or-Break' Game for Microsoft's (MSFT) Xbox One Launches Tomorrow	t
Titanfall Will Launch at a 792p Resolution on Xbox One	t
Live action Titanfall trailer gets extended cut	t
Respawn May Patch 'Titanfall' For Higher Resolution On Xbox One	t
Titanfall: Exact Timing When Players Can Start Playing Digital Copies Tonight	t
Titanfall leads pre-order chart before release	t
Titanfall's Resolution Could be Increased through Future Patch	t
Titanfall Release Date: Microsoft Banking on Xbox One Exclusive Title to  ...	t
'Titanfall' To Launch Tuesday; Can Xbox One Top the PS4?	t
Titanfall gives Microsoft and Electronic Arts plenty of sales ammo	t
Microsoft Hopes Titan-Sized Game Success Will Reverse Xbox One Fall	t
Respawn looking to increase Titanfall's 792p resolution on Xbox One post-launch	t
When Does 'Titanfall' Come Out In The UK?	t
Titanfall Xbox One Download Times Announced By Respawn	t
Tomorrow's 'Titanfall' Launch Will Be The Most Important Day For Xbox One Yet	t
Titanfall Ships At 792p on Xbox One, Respawn Targeting 1080p or 900  ...	t
Titanfall Xbox One resolution likely to increase after launch	t
Titanfall Xbox One Confirmed at 792p Resolution	t
This is Titanfall Themed Xbox One Console Being Given to Respawn Employees  ...	t
Titanfall launch: How to preload the game for instant gratification	t
A closer look at Titanfall's not-so-secret weapon: Microsoft's cloud	t
'Titanfall' Will Be The First Real Digital Test For Xbox One	t
Respawn Entertainment's Jon Shiring on Titanfall and using Microsoft's cloud	t
5 Reasons you should be excited for 'Titanfall'	t
Titanfall teases live-action content	t
Titanfall PC Players Using Workaround to Play Early May Get Banned	t
Titanfall Pre-load Now Available For Tomorrows Launch In The US (video)	t
Titanfall to Revive Microsoft's Xbox One Sales	t
Microsoft Hopes 'Titanfall' will Boost Xbox One Sales	t
Titanfall Ban Hammer Won't Be So Quick To Judge	t
Titanfall: Is Shi* About To Get Too Real?	t
Titanfall: Best Places To Get One Upon Release	t
Titanfall pre-load now available, global release times announced	t
Titanfall Set for Midnight Release Event in Sydney	t
Video Games News And Rumors 3/10/14	t
Space Battles May Hold Key for Microsoft and Xbox One	t
Do You Want Some More Titanfall Videos?	t
Titanfall has 840mb day one update	t
Titanfall Pre-Release Date Deals - All of Them Have a Twist	t
“Titanfall” to bring up Xbox One sales	t
Early PC Titanfall players may get the ban hammer	t
Titanfall live action series inbound	t
The Art of Titanfall review	t
Early Titanfall livestreamers risk Twitch ban	t
Standby for Titanfall: PC players can now pre-load via Origin	t
Titanfall has 34GB of Uncompressed Audio Files, Say Users	t
Titanfall Xbox One resolution hits 792p in final build, claims gamer, PC striving  ...	t
Titanfall live-action content to be produced by Playfight	t
inFamous: Second Son vs. Titanfall: Launch Event to Unveil Surprise, inFamous  ...	t
Origin May Ban Early Titanfall Players After All	t
Titanfall day one patch is big	t
Here's your chance to play Titanfall with Seahawks star Richard Sherman	t
Titanfall For PC Now Available For Preloading	t
Titanfall: “good news” coming regarding Australian servers	t
Where's the best place to buy Titanfall on March 11?	t
Titanfall live-action content teased	t
Australian Titanfall Servers Likely as Respawn CEO Teases "Good News Soon  ...	t
Live-Action Titanfall Collaboration Incoming	t
Titanfall promotional site teases live-action content	t
Buy Titanfall And 12+1 Month Live Membership At Best Buy And Save $15	t
Orion Death Stars Destroy Planets Before They Even Form	t
Real-life “Death Stars” deadlier than Darth Vader astronomers find	t
Study involving CU shows deadly relationship between huge O-type stars and  ...	t
"Death stars" in Orion blast planets before they even form	t
'Death stars' destroy protoplanets in the Orion Nebula	t
'Death Stars' In Orion Are Masters Of Life; Allow New Cycle Of Planet Formation  ...	t
Death stars in Orion blast planets before they even form	t
'Death stars' in Orion blast planets before they even form	t
'Death Stars' Wreck Havoc in the Orion Nebula	t
Warm, wet climate aids Mongol Empire's expansion 800 years ago: study	t
Clues to Genghis Khan's rise, written in the rings of ancient trees	t
Genghis Khan rode climate change to take over Asia	t
Genghis Khan rose to power thanks to a period of wet and warm WEATHER	t
Genghis Khan Conquest Aided By Stretch Of Nice Weather, Tree Ring-Reading  ...	t
Did good weather lead to the greatest land empire of all time?	t
Climate Alters Mongolian Past And Present	t
Climate of Genghis Khan's ancient time extends long shadow over Asia of today	t
Elephants Judge Human Threats With Ethnic Profiling	t
Elephants tell human friend from foe by voice	t
Elephants prove discerning listeners of us humans	t
Elephants attuned to human voices	t
Horton really does hear a Who: Study finds elephants can discern among  ...	t
Elephants recognise human voices	t
Elephants in Kenya prove to be discerning listeners of human voices	t
Elephants never forget... a human language	t
Elephants can gauge threat from human voices, study finds	t
Elephants Can Distinguish the Sound of Individual Human Voices	t
An elephant never forgets (a voice)	t
Study: Wild elephants can discern human languages, voices	t
Elephants can tell difference between human languages and sense danger	t
Elephants can judge threat from human languages: study	t
Elephants can distinguish between voices, human languages	t
Elephants can recognise human languages	t
Study: Elephants Distinguish Between Human Languages, Voices	t
Elephants can decipher human voices better than we can	t
Elephants differ between languages	t
Elephants differentiate between languages	t
Elephants really are intelligent: Creatures can guess age and even ethnicity by  ...	t
How elephants react to human voices	t
Elephants Can Distinguish Between Human Voices	t
Dr. Seuss had it right: Elephants prove discerning listeners of us humans	t
Elephants Can Tell Human Voices Apart	t
Smart Elephants	t
Elephants Have Learned to 'Understand Human'	t
Elephants quickly distinguish voices of ethnic groups	t
Phenomena:	t
What's News—	t
Mt. Gox files bankruptcy in US and faces more hacks	t
Mt Gox files US bankruptcy, opponents call it a ruse	t
Following the Japan Filing, Now Mt. Gox Files For Bankruptcy Protection in the US	t
Mt. Gox Rumored To Have Pocketed Bitcoins Reported As Stolen	t
Japanese bitcoin exchange files US bankruptcy case	t
Mt. Gox files for U.S. bankruptcy protection	t
Bitcoin Exchange Mt. Gox Moves to Protect US Assets	t
Fallout from collapse of Japanese bitcoin exchange prompts bankruptcy filing	t
Bitcoin exchange Mt. Gox files US bankruptcy amid fraud allegations	t
Mt. Gox files for US bankruptcy	t
Mt. Gox files US bankruptcy case	t
Mt Gox files US bankruptcy	t
Bitcoin exchange files for bankruptcy	t
Japanese bitcoin exchange Mt. Gox files US bankruptcy case	t
MtGox files for US bankruptcy protection to put lawsuits on hold	t
Bitcoin traders hit by Mt.Gox crash	t
Japanese Bitcoin Exchange Files US Bankruptcy Case In Dallas	t
Bitcoin exchange files for bankruptcy in US court	t
Legal fallout from collapse of Japan's Mt. Gox bitcoin exchange prompts US  ...	t
UPDATE 2-Mt. Gox files US bankruptcy, opponents call it a ruse	t
Bitcoin Exchange Mt. Gox Files for U.S. Bankruptcy as Death Spiral Continues	t
Mt. Gox: Bankrupt, Accused and Hacked, Oh My!	t
Bitcoin exchange Mt. Gox files for bankruptcy protection in US	t
The $350 Million Bitcoin Heist May Have Been An Inside Job	t
Mt. Gox gets US bankruptcy protection, halting lawsuits	t
Bitcoin Exchange Mt. Gox Files for Bankruptcy in US -- 2nd Update	t
Is using the hand of government for bitcoin thefts justified	t
Mt. Gox files for US bankruptcy as hackers publish company records	t
Mt. Gox CEO lied about massive Bitcoin theft, according to alleged hackers	t
Time for a career change? Here's what being Bitcoin's beloved robber baron  ...	t
Bitcoin exchange files US bankruptcy	t
Mt Gox, Japanese bitcoin exchange, files for US bankruptcy to halt class action	t
Mt. Gox Files For US Bankruptcy Protection — Bitcoin News Roundup	t
Mt. Gox files for US bankruptcy to halt class...	t
Mt. Gox Files Bankruptcy within US	t
Hackers break into Mt. Gox's servers, claim the company still has customers  ...	t
Grain lower, livestock mostly higher	t
Rates unchanged in weekly US Treasury auction	t
Mt. Gox files for bankruptcy in US to stop lawsuits	t
Bitcoin Exchange Files for Bankruptcy Protection in Dallas	t
Mt. Gox CEO hacked same day as U.S. bankruptcy filing	t
Mt. Gox bitcoin exchange files for bankruptcy in US	t
Mt. Gox files for US bankruptcy to halt class-action suit	t
Hackers Continue Attacking Bitcoin Exchange Mt. Gox, As It Seeks Bankruptcy  ...	t
Bitcoin Exchange Mt. Gox Files for Bankruptcy in US -- Update	t
Hackers attack blog of Mt. Gox bitcoin exchange CEO, look for 'proof of fraud'	t
What's Going On With Bitcoin?	t
MtGox bitcoin database leaked online as hackers crowdsource clues	t
Bitcoin Exchange, Currency, and Value News: Mt. Gox Hacked, Leaked Excel  ...	t
The saga continues: MtGox files for bankruptcy in the US	t
Bitcoin News: Mt. Gox CEO Accused of Hoarding 'Stolen' Coins	t
Mt. Gox Hack Claims To Show Real Customer Balances	t
Failed Bitcoin exchange Mt. Gox files for bankruptcy protection in U.S. to halt  ...	t
Bitcoin exchange Mt. Gox files for bankruptcy in the US	t
March 11, 2014, 2:02 am	t
Mt. Gox files for bankruptcy in U.S., CEO's accounts hacked	t
Queens Bankruptcy Attorney Bruce Feinstein, Esq. Speaks About the Issues of  ...	t
Bitcoin exchange Mt Gox gets hacked, is accused of understating losses	t
Bitcoin exchange MtGox hacked 150000 times per second	t
Mt. Gox CEO's blog hacked, database leak claims there should be a 951k Bitcoin  ...	t
REPORT: Mt. Gox Faced 150000 Attacks Per Second	t
Q & A on bitcoins	t
Japan says Bitcoin not a currency, but taxable	t
American Honda Strengthens Auto Sales Division to Accelerate Sales Growth of  ...	t
Honda Makes Acura Stand-Alone Division to Boost Luxury Lineup	t
Honda Makes Acura Stand-Alone Division to Boost Luxury Line	t
Honda makes Acura a standalone division to boost luxury lineup	t
Can a hot executive revive Acura?	t
Honda splits Acura into its own division to revitalize brand	t
Honda restructures US operations	t
Honda Makes Acura a Stand-Alone Division to Spur Sales	t
Apple iPhone Air designer concept shows the iPhone 6 we all want	t
iPhone 6 concept: iPhone Air could be the most accurate concept yet	t
Concept Video Tips 4.7-Inch iPhone 6 'Air'	t
This could be the next iPhone	t
"iPhone Air" Concept Video Shows Off Slimmer Phone With Larger Screen  ...	t
iPhone 6 Release: Concept Video Suggests iPhone Air May Join iPad	t
Apple iPad Air Specs, Rumors, and Update: Air 2 Release Date as Early as the  ...	t
iPhone 6 'Air' Concept Unveiled: A Realistic, Sharp Design [VIDEO]	t
4.7-Inch 'iPhone Air' Shown Off In New Concept Video	t
This holographic iPhone 6 concept could change everything	t
IPhone 6 concept video: Is this what we should expect from Apple?	t
iPhone Air Concept Video Shows Bigger Display	t
Here's A Concept Video For What Apple Could Do With The iPhone 6	t
New iPhone 6 Concept By Beckett	t
Designer takes Quantum Leap forward, creates surprisingly accurate iPhone Air  ...	t
iPhone Air Concept Video Surfaces	t
iPhone 6 Concept Video Hits Online; Will It Look Like iPad Mini and iPad Air  ...	t
This iPhone Air Concept is Simultaneously Great and Seriously Dull	t
iPhone 6 Screen Probably Not Leaked	t
Video: Here's an iPhone 6 concept that actually makes sense	t
iPhone 6 holographic projector phone concept video hits web	t
This Isn't The Next iPhone, But It Easily Could Be	t
Here's The Next iPhone, From A Designer With An Eerily Accurate Prediction  ...	t
iPhone Air Concept Shows Larger 4.7-inch Display	t
Meet the iPhone Air: An incredibly believable Apple concept (video)	t
iPhone 6 Concept Looks Tantalizingly Real	t
iPhone 6 With Holographic Body Finally Visualized!	t
This iPhone Air Concept Looks Exactly Like It Shouldn't	t
iPhone 6 concept based on rumored specs shows off iPhone Air (VIDEO)	t
Is This What The New Apple iPhone 6 Will Look Like? (video)	t
Apple Release Round Up: iPhone 6 and iPad Air 2 Fall Release plus Top Killer  ...	t
iPhone 6 concept design with hologram projection	t
Jaguars unveil plan for world's largest HD LED screens	t
The Jacksonville Jaguars Will Soon Own World's Largest LED HD Displays	t
Jacksonville Jaguars get the world's biggest LED-lit HD displays, little else	t
NFL's Jaguars to install 'world's largest' HD LED video displays	t
Daktronics to install record-setting Jaguars video displays	t
Construction underway for EverBank Field enhancements	t
Jaguars will install world's largest HD LED video displays	t
Photo Release -- Jacksonville Jaguars Partner With Daktronics to Install World's  ...	t
New SDK Shows Google Really Wants to Get on Your Body	t
SXSW News: Google looks to boost Android's presence in wearable market	t
Android update will ease the way for more 'wearable' apps	t
Chromecast sales number in the millions according to Sundar Pichai	t
Google plans to release an Android software developer kit for wearables	t
Google Nexus 10 2 release date in 3rd quarter with Android 5.0 – Rumors, News  ...	t
Google's Android boss announces SDK specifically geared toward wearables	t
SXSW 2014: Google Says It Plans to Release SDK for Android Wearable Tech	t
SXSW 2014: Google to release Android tools to aid wearable tech	t
Google's developer plans likely to accelerate production of smart watches, other  ...	t
More apps for Android wearable devices coming soon	t
SXSWi weekend roundup: Wearable tech, cats, and Secret	t
Google to release wearables SDK in few weeks	t
Google Looks to Open Android to Flourishing Wearables Market with SDK	t
Google to make Chromecast available in 'many more countries' in a few weeks	t
Let's talk Android-powered wearables: Google's Sundar Pichai at SXSW	t
Google Is Making Apps for Wearables Easier to Build	t
Google preparing to launch Chromecast in other regions this month	t
Google to Release SDK for Android Smart Wearables in Two Weeks	t
Google Glass Android Wearables: Software Development Kit Next in Line For  ...	t
Google Will Release Android SDK for Wearables	t
Google Is Making It Easier for Developers to Build Android Wearables	t
Android leader Sundar Pichai says wearable SDK coming in two weeks	t
Google's Sundar Pichai On Wearable Tech: 'We Are Just Scratching The Surface'	t
A Smartwatch Version of Android Is Reportedly Coming Soon	t
In two weeks, Google may have the only OEM-agnostic OS in a market again	t
Google Smartwatch Release Date Approaches: Android Boss Sundar Pichai  ...	t
Google Pledges to Help Developers With Wearable Devices	t
Nexus 10 2, Nexus 8 Release Date in Q3 2014, HTC to Build Android 4.5 or 5.0  ...	t
Google to release tools for making wearable computer apps	t
Google To Join Internet of Things with Android Platform	t
Google Announces New Android Apps	t
Android SDK Designed to All Smart Accessories	t
Google's upcoming wearable SDK hints at a smartwatch	t
Google to open up wearable IT market with developer SDK release	t
Google wants Android to be your wearable OS of choice	t
Android for wearables coming, says Google software boss	t
Google to Launch SDK for Wearable Tech Devices Later This Month	t
Google SVP says Chromecast sales reached millions	t
Android SDK for wearables coming in two weeks' time	t
Google Chromecast on its way to “many more countries” within weeks	t
On topic: Tech news to know now	t
Google officially moving into the wearable space, releasing SDK in two weeks	t
SXSW: Google announces wearables SDK to corner the market Android-style	t
Google has sold 'millions' of Chromecasts, new markets coming soon	t
Nexus 6 Release Date Coming: Rumors Suggest October Launch, Third  ...	t
Google Will Release SDK For Wearable Devices	t
Google to release SDK to get Android into wearables	t
Google ready to unleash a flood of Android smart watches	t
Google Wants Wearable Technology Developers To Use Android	t
Google commits to Android wearable tech	t
Google Chromecast launching in more countries within weeks	t
Google's Market in Android Wearables	t
Google Shoots For Wearables Dominance With SDK	t
Google: millions of Chromecasts sold, international launch soon	t
Google's Wearables SDK is coming in two weeks	t
Google Chromecast Set to Go International: Report	t
Google to launch SDK for Android wearables in two weeks	t
Google Exec Promises Wearables SDK for Developers	t
Google's Android Now in Wearables & 4 More Stories You Can't Miss Today	t
Google has sold "millions" of Chromecasts, plans to launch in more countries in  ...	t
Google releasing Android SDK for wearables this month	t
Chromecast sales revealed to be in the “millions” range on eve of expanded  ...	t
LG G3 vs Nexus 6 Release Date, Spec, Features Expected to Unveil by June  ...	t
Google offers Android for wearable devices	t
Google to launch wearable tech SDK for Android in two weeks	t
Google's Pichai touts wearables SDK, 'APIs for hardware'	t
Google to release SDK for Android-powered wearables	t
Google releases kit for wearable computers	t
Google set to release wearable Android SDK	t
Google Inc (GOOG) To Come Up With SDK For Wearable Devices	t
Google commits to Android wearable tech devices	t
Google share price: US tech giant to release development kit for wearables this  ...	t
Google to release Android SDK for wearables in 2 weeks	t
Google reveals Android wearables SDK is imminent	t
Google SDK for Android Wearables Coming Soon	t
Not just for Glasswipes: Google to drop SDK for all Android wearables	t
Google Chromecast Review: Coming To "Many More Countries" Soon	t
Google Chromecast UK Launch Looms as Wider International Release is Touted	t
Google Announces Android SDK For Wearable Technology	t
Google's Sundar Pichai on wearable tech: 'We're just scratching the surface'	t
Google Chromecast UK release coming within weeks	t
Google releasing developer SDK for wearables in two weeks	t
Google developing SDK to make Android the standard for wearables	t
Google Nexus 10 2: Is HTC Or Samsung Behind It?	t
Google confirms Android wearable SDK launching this month	t
siliconANGLE » Android wearable tech SDK coming in two weeks	t
Google preps assault on smartwatch market with new Android SDK for wearables	t
Google Chromecast sells millions, coming to 'many more countries' this month	t
Google to launch developer kit for wearable tech in two weeks	t
Google (GOOG) to Release an SDK For Wearable Devices in Two Weeks: Report	t
Google Readies Android Push Into Wearable Devices	t
Chromecast heading to the UK 'in weeks'	t
Google taps LG for Nexus 6: Everything we think we know about the next Nexus	t
Google to release software development kit for wearables	t
Google : An SDK for Android wearables is coming after two weeks	t
Android coming to wearables says Google	t
Google Has Sold Millions Of Chromecast Devices	t
Google to release "wearable" Android within a fortnight	t
New wave of Android apps coming to wearable devices	t
Google Chromecast Headed To More Countries Soon	t
Google to rollout new wearable developer tools for Android	t
Google wants Android to dominate wearables like it does smartphones	t
Google on wearables: 'We're just scratching the surface'	t
Chromecast hitting 'many more countries' in a few weeks	t
Google Android SDK for smartwatches and wearables arriving this month	t
Google Chromecast sales in the millions, coming to more countries in 'weeks'	t
Google Launching Android SDK For Wearable Devices In 2 Weeks	t
Google to release Android SDK for wearables in two weeks	t
Google to release Android Software Developer Kit For wearable tech	t
Android SDK For Wearables Coming In 2 Weeks, Says Google	t
Google preparing to release Android-based SDK for wearable devices by March  ...	t
Google Inc (GOOG) news: Google looks to repeat Android success with  ...	t
Android heading to wearable devices	t
Google to release Android for wearables SDK in two weeks	t
Google Is Releasing An SDK For Wearable Devices This Month	t
Google Inc. share price, company plans to release tools for wearable devices  ...	t
Google's Pichai claims millions of Chromecasts sold	t
Android getting SDK for wearables	t
Google gets serious about wearables: New Android SDK to be released in two  ...	t
Google to release Android-based SDK for wearable devices end of March	t
Google's Plan To Bridge The Gap With Wearables Starts With A New Android  ...	t
Google to release Android SDK for wearable devices in two weeks	t
The Best Chromecast Apps	t
Google To Launch Nexus 8 In July, After Retiring Nexus 7	t
Google Inc (GOOG) To Launch Software Development Kit For Wearable Devices	t
Google Nexus 7 Tablet Release Date & Specs: Device Expected To Arrive As  ...	t
Another hint that Google Chromecast is coming to Australia	t
Google Android-based SDK for wearables coming in two weeks	t
Nexus 8 to have Intel chip on board?	t
Nexus 6 rumors suggest LG G3 similarities, Google I/O announcement	t
Google Wearable SDK To Be Launched Soon For Third Party Developers	t
Google to Offer Android for Wearables	t
Google Chromecast Sales Now In The 'Millions'	t
Google to release SDK for Android wearable devices	t
Android-Powered Wearable Tech Is on the Way	t
Google To Release Android Software Developer Kit For Wearables	t
Legal heavyweight leads GM internal recall probe	t
GM hires law firms it works with to probe recall response	t
GM ignition-switch recall poses first big test for new CEO	t
UPDATE 3-GM hires law firms it works with to probe recall response	t
US regulators under fire for inactivity on GM recall	t
GM Hires Investigator Of Lehman Debacle To Lead Internal Probe Of Delayed  ...	t
GM Picks Jenner & Block, King & Spalding For Recall Probe	t
GM forms recall probe team	t
GM Ignition Claims Filed Before 2009 Face Legal Issues	t
UPDATE 2-GM ignition-switch recall poses first big test for new CEO	t
GM Picks Former Lehman Investigator Valukas for Recall Probe	t
General Motors Ignition Switch Debacle: Could Families Sue The 'New' GM For  ...	t
General Motors, NHTSA Under Scrutiny Amidst Recall	t
GM Taps Former Lehman Investigator to Lead Recall	t
